,Ground,THSR Cap,generated
0,NY9R,NY9R,4F24
1,CRC4,CRC4,QA2Z
2,P39A,P39A,NAPC
3,3PP9,3PP9,Z4CA
4,HNZN,HNZN,HM2M
5,HYQ5,HYQ5,AH2Z
6,YFFY,YFFY,4Y5C
7,K4QH,K4QH,C4Q4
8,9RN9,9RN9,HPM4
9,NFNY,NFNY,QMMP
10,93T4,93T4,A7AC
11,53P9,53P9,CP4A
12,2KK7,2KK7,Z4MZ
13,N7HA,N7HA,4P3Z
14,MF7P,MF7P,4YZP
15,YNT2,YNT2,Z4FA
16,MH2F,MH2F,QP2F
17,4K53,4K53,AYQA
18,NQAZ,NQAZ,NZA4
19,QPYH,QPYH,4PPM
20,M5A3,M5A3,MQA3
21,CCRP,CCRP,Q4RT
22,M39Q,R39Q,M4MQ
23,RT4Q,RT4Q,KFF4
24,2KR2,2KR2,ZF2Z
25,AC3N,AC3N,ACKM
26,7H95,7H95,PAPY
27,H93H,H93H,NZK4
28,HAHT,HAHT,44PQ
29,HRFA,HKFA,N4FA
30,9K5T,9K5T,MCQT
31,H93Y,H93Y,4PYP
32,R4KN,R4RN,QMRY
33,NH7Y,NH7Y,4N74
34,9PTZ,9PTZ,R72T
35,3CKF,3CKF,4QP4
36,ZK2C,ZK2C,M7AQ
37,K4TY,K4TY,CZQA
38,44N4,44N4,4AMQ
39,33FM,33FM,Z74K
40,CPY9,CPY9,CP5Z
41,5MRF,5MN7,NQAA
42,937H,937H,47A4
43,CQFF,CQYF,54PT
44,Q757,Q7C7,4ZAC
45,QAK4,QAK4,QYF4
46,FKC3,FKC3,NZCZ
47,CTTM,CTTM,2TFM
48,79MR,79MR,AAMM
49,7QZC,7CZC,PZ7C
50,YF35,YF35,M42C
51,PCPF,PC7F,QQM4
52,Y3TF,Y9TF,CZPT
53,YZA9,YZA9,ZQNZ
54,AQAF,AQ9F,44AZ
55,M5MK,M5MK,Y9F4
56,HFY7,HFY7,QYQZ
57,5P9C,3P9C,Y4AC
58,RHA5,RHA5,Q4A4
59,PTQY,PTQY,A77C
60,Q42C,Q42C,QYZC
61,97NQ,97NQ,AA44
62,77MH,72MH,CP44
63,YA5T,YA5T,QKQA
64,AT4Z,AT4Z,AP2C
65,FTHK,FTHK,AFMC
66,TF7Q,YYYQ,7QAZ
67,T73H,T73H,CARP
68,4Y99,4Y99,YF4F
69,Y93T,Y99T,YQFT
70,9A4P,9R4P,ZFM4
71,9A2T,9A2T,A4QT
72,KA22,KA22,CRZZ
73,4KQT,4KQT,MCQT
74,RYCF,RYCF,P47T
75,ZHZF,ZHZF,RQFA
76,CYR4,CPR4,Z9RA
77,3MTH,3KTH,AMTP
78,YARM,YMRM,C4N4
79,7PZH,7PZH,7QAP
80,PPRY,PPRY,A4FA
81,F99C,F99C,N42C
82,F245,F249,QFAZ
83,7CFR,7CFR,QQMC
84,3CZQ,3CZQ,ZCZQ
85,249Y,23RY,ZQPC
86,P3FT,P3FT,P94T
87,ZFQA,ZFCA,QP2A
88,HK9K,HK9K,4KMZ
89,N9T4,N9T4,N7FA
90,Q4P7,Q4P7,3RYT
91,2HN4,2HN4,Z7MA
92,Q5RP,Q5RP,Q9M4
93,TF7Z,TF7K,H7ZC
94,TQQC,TQQC,ZQQZ
95,KT3M,KT3M,KA44
96,4FHN,4PNM,A7RM
97,N79H,N79H,NZF4
98,5KCZ,3KCZ,2F2Z
99,CQRN,CQRN,Q2MA
100,5QHA,5QHA,4MF4
101,Y9Y5,Y9T5,KFCT
102,F4NZ,74NZ,NPKZ
103,CR4M,CR4M,QFMR
104,3CKY,97KY,K7FH
105,FMZA,FNZA,HZZA
106,NQH7,NQH7,NQPZ
107,AF27,AF27,QCZA
108,5P4R,5P4R,P4PA
109,27KA,Z7NA,P4MC
110,4Z9Z,4Z9Z,4Q2T
111,52C7,32C7,577T
112,Z2M3,Z2N3,ZAMQ
113,C433,C433,CMKF
114,C4N5,CHN5,QPMY
115,9QY7,9QT7,4QFZ
116,QH34,QH34,QHKZ
117,KZRN,KZRN,K4MP
118,NQ2K,NQ2K,M4QP
119,29RN,29RN,Z744
120,YTC5,YT45,P72T
121,R59M,R59M,CQQ4
122,NHHY,NHHY,NPHP
123,NYFC,RYPC,44HT
124,Y7FM,Y7FM,FA4K
125,NMQT,MMQT,HMZP
126,A97K,A97K,YNZC
127,4CQH,4CQH,4P44
128,Z7HF,Z7HF,ZAMC
129,P7RH,P7RH,CAYT
130,HKR9,HKR9,4KKQ
131,Y9K5,Y9R5,FPMT
132,A2M5,A2M3,Y2AC
133,ZFPT,ZFPT,Z4PT
134,PT23,PT23,PPPC
135,PZ3Q,PZ3Q,QAKQ
136,4P97,4P97,YQFC
137,ZCC4,ZCC4,Q4CZ
138,HQ34,HQ34,QC2A
139,N45A,N45A,4AF4
140,MAN5,MAN5,MMHM
141,CYC4,CYC4,Q77C
142,9A2K,9A2K,MRAK
143,KMCZ,KMCZ,M4CZ
144,99QN,9RQN,4N74
145,KP97,KP97,Q72A
146,42T9,42T9,AQPA
147,T2HK,T2NK,CP4C
148,H5NA,H5NA,4ZHA
149,2TA3,2TA3,Z7AT
150,NYZ5,NY25,MPZR
151,4QZM,4QZM,Q72M
152,PRC9,FRC9,HPZK
153,29FM,29PM,Z44K
154,5TMA,5TNA,ZHMZ
155,TP52,TP52,P4KT
156,P57Y,P57Y,CZFA
157,CT5H,CT5H,CFAY
158,2YAP,2YAP,ZFQZ
159,Y9Z4,Y9Z4,CQPC
160,PZ47,PZ47,Q7QA
161,TFAP,TFAP,Q7FA
162,ZNMZ,ZMMZ,AMMZ
163,7MYZ,7NYZ,F4M2
164,P3K4,P3K4,44FA
165,75PF,75PF,TPFT
166,P737,P737,ATAZ
167,TY23,TY23,PQQC
168,59RH,99RH,FZMQ
169,3ZK7,3ZK7,QZPC
170,QPYA,QPYA,4PTA
171,QN4C,QH9C,4YPC
172,NZ7Y,NZ7Y,4Z7Z
173,4QTA,4QTA,A7P4
174,CFYF,CFYF,QPPC
175,MK9A,MK9A,NM74
176,NQTT,NQTT,4Z74
177,Z2RP,Z2RP,ZAF4
178,A7T4,A7T4,4PAA
179,HNMR,HNMR,HN4M
180,KKKF,KKRF,NKPC
181,7N29,7N29,Z4ZT
182,KHQM,KHQM,NH2K
183,M42A,M42A,MM7A
184,Y7QY,Y7QY,TAQT
185,2C2K,2C2K,AQZK
186,NK94,MK94,4KF4
187,P3PF,75PF,PPAC
188,R7N3,R7N3,K7H4
189,954F,954F,QHAC
190,AQMC,KQ9C,AP2M
191,2P2Q,2P2Q,Z4ZQ
192,FH2Q,FHZQ,M43Q
193,7CK5,7CK5,A7QZ
194,5N43,5N43,P4AA
195,MP2F,MP2F,MP2A
196,94KQ,94KQ,ZPF4
197,FT32,FT32,TQZC
198,9PQA,9PQA,94QZ
199,39NQ,3NNQ,2MPQ
200,Y7PK,Y7PK,T7AC
201,3K3F,5K3F,MCP5
202,443K,443K,4CAC
203,YZH7,YZN7,T4AZ
204,CYQH,CYQH,CF44
205,YKHZ,YNHZ,AYMZ
206,K75F,K75F,C7AT
207,7Y4F,7Y4F,PQPC
208,KFQR,KFQR,MF2R
209,5F9Z,5P9Z,27AT
210,PNMM,PNMM,M4M4
211,TR42,TR42,QPZA
212,NTHP,NT7P,NQHP
213,MY59,RY39,NY9Y
214,RKRZ,RMRZ,F4KC
215,ZT5M,ZT5M,ZFAM
216,9H2K,9H2K,M4MK
217,3MFF,3MFF,ZPMA
218,H2KC,N7KC,Q4MC
219,C7FY,CZPY,QP4C
220,795F,735F,PAFC
221,Y3F2,Y3F2,P3QT
222,NC4Q,NC4Q,NCA7
223,RAM9,RAM9,Y4K4
224,Y2A5,Y2A5,C7ZP
225,YYZH,YY2H,APAY
226,322P,322P,ZZ7C
227,CY4R,CY4R,Z4MR
228,FAHR,FAHR,HF4R
229,92PN,32PN,ZA4P
230,F4NA,P4NA,TMMC
231,P7RK,P7RK,4AMC
232,4RHQ,4RHQ,4ZM7
233,T3F2,T3F2,CR4Q
234,4C3Q,4C3Q,ZCZQ
235,YHH3,YHR9,4N42
236,RCZY,RCZY,4C2K
237,A52P,A52P,KQF4
238,YQZ3,YQ23,NQAZ
239,4AC4,4AC4,AA7Y
240,ACZP,ACZP,A7QC
241,57PZ,57PZ,5PQC
242,329Z,529Z,ZQPC
243,ARQ2,ARQ2,ZA9Z
244,Z3N7,Z3N7,ZZMZ
245,K494,KH94,KHF4
246,QFR4,QFR4,QPMA
247,CRCA,CRCA,QKQC
248,5K3K,5K9K,AQR4
249,HM93,HM93,NMQ4
250,NZ3H,NZ3H,NZ3M
251,TR5N,TR3M,PAMK
252,N4ZR,N42R,44F4
253,55C2,55CZ,AZ2C
254,RC99,RC99,QTAZ
255,FHC5,FHC5,NACP
256,9R4F,9R4F,ZPMC
257,NRZY,NRZY,NYZK
258,5C7N,3C7H,ZQAK
259,2CC9,ACC9,ZQ2A
260,Y2CQ,Y2CQ,F2ZQ
261,5KT3,5KT3,7Y5A
262,A4RH,A4RH,A4R4
263,2QMQ,2Q9Q,ZQPK
264,Q2ZP,Q2ZP,QZAZ
265,QCNH,QCNH,QCHP
266,4ZYN,4ZYN,ZQMK
267,CATM,CATM,CPTM
268,N4TR,N4TR,4ZHK
269,TRZZ,TRZZ,QZZC
270,ZQPT,2QPT,ZQQT
271,P4HH,P4HH,PRP4
272,Z594,23P4,CPPC
273,NN3Q,NN9Q,NPT4
274,TATT,TATT,HN7T
275,ZKTM,ZKTM,QC7M
276,PPNQ,P4NQ,P4MQ
277,9C9Z,9C9Z,P4KT
278,QFCK,QYCK,NPZR
279,7F59,7F59,HTAC
280,ZT3R,ZT3R,ZTMC
281,Q9YT,Q9PT,QPTT
282,79ZF,79ZF,A4QT
283,YANA,YANA,5A4A
284,ZTQ7,ZTQ7,ZQ2Z
285,ZCTC,ZCTC,ZCAQ
286,HHYP,HHYP,MP4P
287,A724,A724,K7AC
288,HMPR,HMPR,QMMA
289,52NN,52NN,4ZNQ
290,QRF4,QMT4,M4FA
291,3RAP,9RAP,Z72C
292,Z9T7,23T7,4TFC
293,TY5Z,TY5Z,PT2T
294,3CTZ,3CTZ,NQ2C
295,YCAH,YCAH,C2AH
296,RHTC,RHYC,PTFT
297,QZMK,QZMK,4ZA4
298,FK7N,FK7N,AC4Z
299,34RT,34RT,PNQT
300,CFA3,CFA3,Z74A
301,57AC,57AC,Z7ZQ
302,AKTC,4KTC,MCKQ
303,P575,P575,A7HZ
304,9P77,9P77,NQ7T
305,2PQM,2PQM,4C2M
306,Y2NK,Y2NK,5P4Q
307,ZFQZ,ZFQZ,ZT2Z
308,FKY5,FKY5,4F5F
309,MZA3,NZA9,M4A3
310,N2AF,N2AF,Q4AT
311,2MQ4,2NQ4,Z4MA
312,MC23,MC23,4C7Q
313,Y7PT,Y7PT,CP5T
314,97Z9,97Z9,Q7QA
315,9QYP,9QYP,N7MA
316,ATAF,ATAF,CPAC
317,KMYQ,CMYQ,MM7Z
318,2CPQ,2CPQ,ZP4Z
319,Y32R,Y32R,CZ7C
320,N449,N449,MZAZ
321,4TKA,4TKA,4P4C
322,54A2,54A2,ZPMZ
323,77ZR,77ZR,Z7AC
324,FAYN,FYYN,FAM4
325,7TNZ,7TNZ,Z7MC
326,PTP5,PTP5,PFAF
327,CMHH,CMHH,CMMH
328,Z79T,Z79T,Z7QT
329,QCR5,QCR3,QCR4
330,THR5,YHR5,9HZT
331,TN7H,TN7H,P444
332,R7PA,R7PA,KZHF
333,ZPF4,ZPF4,KA4C
334,5RN9,5RN9,Q4MQ
335,73F4,73F4,HP4C
336,QN7Y,QN7Y,QN7Y
337,75C2,75C2,ZQQC
338,3KQ7,3KQ7,MF2Z
339,2HTF,2HTF,R7FT
340,9AC2,9AC2,TMQA
341,95HH,95HH,4RA4
342,M233,M233,NQ77
343,3ZFF,3ZFF,Z77T
344,K5RH,K5RH,C7PA
345,RM9N,RM9N,QM3H
346,FKMR,FKMR,NZMK
347,TAA9,TAA9,Y4FA
348,4AYY,4AYY,4QPZ
349,7M3P,7A3P,ZA3P
350,5RKQ,5KKQ,MMZQ
351,CM5H,CM9H,C4QH
352,HTZT,HTZT,AQ2Z
353,4MTH,4MTH,P4C4
354,C4CM,C4CM,P47M
355,KAR5,KAN5,CAHP
356,74NF,74NF,P4PC
357,979A,979A,ZQAC
358,T2QH,T2QH,C7Q4
359,P3N7,P3N7,47FZ
360,4P74,4P74,M7AC
361,488T,499T,MMFT
362,CP44,CP44,QPMC
363,PZ5A,PZ5A,AF4K
364,2Q5N,2Q5N,Z2MP
365,TK4N,TR4N,ZF4P
366,3Z2R,3Z2R,K74C
367,5ZZ3,5ZZ3,Z7F4
368,YK7M,YKRM,7NZM
369,539T,539T,35PT
370,4MM3,4NM3,M4P4
371,AR2T,AR2T,M4AC
372,ZFCR,ZFCR,QQ2C
373,Y4F5,Y4F5,P45T
374,KR44,KR44,4QZZ
375,ZHAK,ZN4R,NPMK
376,AKPA,ANPA,MMP4
377,PKKP,PKKP,4FFC
378,4RAQ,4R4Q,4K4Z
379,MZ4P,MZ4P,MAMR
380,2T9Z,2T9Z,CTZT
381,NCRP,NCRP,NQRP
382,YPC3,YPC3,745F
383,Y2A9,Y2A9,P4AQ
384,ZTMZ,ZTMZ,ZFRZ
385,R7QN,R7QN,4A2K
386,4Y2R,4Y2R,ZCAZ
387,T9QZ,T9QZ,5P4Z
388,3TAY,3TAY,P7QH
389,QNTY,QNTY,QATY
390,KP9Y,KP9Y,Q4FZ
391,M3PQ,M3PQ,NQPC
392,KZPY,KZPY,K74C
393,RCKQ,NCKQ,K4Z4
394,2TR4,2TR4,ZQQC
395,2Z4H,Z2AH,ZQA4
396,NAA5,N7A5,NAHC
397,7NKK,7NKK,AMKZ
398,3PAR,374R,R52T
399,Q923,Q5Z3,QQZP
400,APT3,APT3,PTAZ
401,T37F,T37F,Q4PT
402,57ZA,572A,77PH
403,A73P,A73P,KPAC
404,P5CQ,P5CQ,P7Q7
405,PAMN,PMMN,PZM4
406,9K93,9K93,MKZZ
407,2HM2,2HM2,ZFMZ
408,KPAQ,KTKQ,Q4A4
409,4NFY,4NFY,44FZ
410,AA5Q,AK5Q,APMZ
411,R337,R337,4ZAC
412,CZ77,CZ77,QQTP
413,5PR3,5AR3,APCF
414,M95M,M95M,AMQZ
415,Y4A4,Y4A4,C7MZ
416,FNTN,FMTN,NPTM
417,FFN2,7FN2,P4ZC
418,NZRC,NZMC,AZPC
419,CC9K,CC9K,4ZPC
420,NKK3,MKK9,4RKP
421,3CR7,3CK7,N3QT
422,RNT7,RNT7,N4FZ
423,5C3R,4C3R,ZQMC
424,CQKC,CQKC,C7KC
425,A2N9,A2N9,KQN4
426,2Q2A,2Q2A,A724
427,HHM2,HHM2,NHMK
428,HCHR,HCHR,4ZH4
429,HR2Y,HR2Y,N4QY
430,PTAH,PTAH,P5A4
431,Q57F,Q57F,QQPT
432,7Y39,7T39,PFMZ
433,FPCH,PPCH,4A7P
434,RP94,RP94,ZPMA
435,43PC,43PC,MR4T
436,YH7M,YH7M,R4PM
437,9ZNN,9ZNN,MCMP
438,CF2Q,CTZQ,Q4KZ
439,NFAP,NFAP,NQAP
440,KF39,RT93,Q4ZA
441,PF59,PT59,P4AK
442,N5ZT,N5ZT,M7AC
443,2M79,2MH9,4MZP
444,KRR5,KRM5,Z4MZ
445,5K5K,5K5K,2KRQ
446,7YAF,7YAF,ZFM4
447,YT3C,YT3C,CTKC
448,23AA,23AA,ZQFA
449,TKT9,YKT5,QF5A
450,TZZ4,TZZ4,Q74C
451,APKH,APHH,NPM4
452,2R2K,2K2K,Z7MQ
453,M7TP,AZTP,N7FP
454,RRFH,RMFH,M47T
455,M4RY,N4RY,M4F4
456,5H59,3H59,44FZ
457,YPNH,YPNH,N4M4
458,M3Z5,MHZ5,M4A4
459,QFTM,QFTM,4APM
460,KHT7,KHT7,RPFA
461,P3F4,P3F4,P4YC
462,FC97,FC97,QQQT
463,73C9,73C9,AZQA
464,P9C3,P9C3,4RCF
465,CQH5,CQA5,Q249
466,M9QP,M5QP,CRA4
467,CZQP,CZQP,QZ44
468,KHRZ,KHRZ,NH5Z
469,9RAP,9KAP,4R24
470,KZ7Q,KZ7Q,CZAZ
471,HM22,HM22,NMQZ
472,TPCT,TPCT,H47C
473,YM92,YM92,FMMQ
474,R29H,R29H,CZA4
475,3T23,3T23,ZP5T
476,YZQ5,YZQ5,A744
477,P34K,P3MK,A4MC
478,MT75,MH75,MQ7C
479,497H,497H,P4AP
480,H4P2,H4P2,F4CZ
481,FF35,PF35,PTZF
482,HCK2,HCK2,NCKZ
483,33NF,93NF,Z7KT
484,T2QT,T2QT,PQ7T
485,K27N,K27N,MZ4K
486,FC47,FC47,T7AC
487,MHCY,NMCT,4ZR5
488,3K9Q,9K9Q,2QZQ
489,NMQH,NMQH,4MAZ
490,M4AA,N4AA,M4PP
491,2QT4,2QT4,ZQAA
492,QTZZ,QTZZ,QTZZ
493,4MHF,4MHF,4MHC
494,2KNA,2KNA,Z4MA
495,CT7N,CT7N,QTAP
496,74QT,74QT,PAQZ
497,3F7M,3F7M,47P4
498,NRF9,NHF9,4MFT
499,QAKA,QAKA,Q4MA
500,Z9MC,Z9MC,ZMMC
501,P9TY,P9TY,AP7A
502,2QAN,2QAN,Z7AH
503,ZYNK,ZTNK,CZMZ
504,K5MF,K5MF,C7QC
505,PM3A,PM3A,HKQZ
506,Y357,Y357,CZ7C
507,HTFM,HTPM,HTA2
508,P9QQ,P9KQ,AA22
509,YAN2,YAN2,FAMQ
510,FZZC,FZZC,Q72T
511,AF7M,AF7M,APQR
512,23PP,23PP,APQA
513,Q4C9,Q4C9,QPCP
514,4KK7,4KK7,Z7PZ
515,7RM5,7RM5,PMA2
516,A24C,A24C,474Q
517,0QP4,9QP4,N9PK
518,R53K,A59K,CAMC
519,QRFN,QRFN,2HPK
520,RP3F,RP3F,RAFT
521,9RC9,9RC9,PFQZ
522,A4NQ,MMNQ,NMMQ
523,NAP7,AAP7,MAFP
524,32C9,32C9,AQQA
525,QQPF,QQ7F,QQPP
526,FMR2,FMR2,NAKZ
527,Y54F,Y54F,C9AT
528,C7AQ,C7AQ,C7HQ
529,53PA,53PA,KNPC
530,7QAK,7QAK,AQAK
531,NP5N,NP5N,QPM4
532,935R,439K,AZKA
533,AN5A,AN5A,A4M4
534,YYNA,YYNA,CF44
535,F3Y2,F3Y2,QNAC
536,CZH4,CZH4,ZZ4Q
537,23RQ,23RQ,ZFMY
538,RMN9,RRN9,MMMA
539,32M5,5KM5,ZP4Q
540,5AHH,5AHH,4Q4H
541,Y277,Y277,C77C
542,ZC4Q,2T4Q,ZQZQ
543,NYM2,NYM2,MF4Q
544,P3PH,P3PH,AAP4
545,7AKR,7AKR,Z4MA
546,97H3,97H3,PPAA
547,59PM,59PM,KF44
548,QYP9,QYP9,Q4MZ
549,2TTN,2TTN,ZFMC
550,4M2M,4P2R,2MQM
551,ZZPR,Z2PR,Z7MR
552,9PAQ,9PAQ,A7AZ
553,C2H3,C2H3,QAMY
554,N93Z,N99Z,MZQC
555,F7MA,F7NA,Q7AZ
556,NYPK,NYPK,NYAZ
557,2MT2,2MH2,ZPTZ
558,Y9AN,Y9AN,QMM4
559,CPN9,CFN9,QAMP
560,YRNF,YRNF,N4MT
561,9P2M,9P2M,A42M
562,77F7,77F7,P42C
563,37QT,3AQT,TA2C
564,MHR9,MHR9,ZPMR
565,ZRKY,ZRKY,Z4FC
566,TFYY,TFYY,NT7A
567,QFR3,QT43,QYCZ
568,7R3Q,7CKQ,7KFZ
569,HY7R,HY7R,FYZY
570,3TKQ,3PKQ,ZQQZ
571,4R4F,4R4F,5RAT
572,PHKT,P4KT,44KT
573,HFMA,HPMA,HAR4
574,NT43,NT43,4YAR
575,FC4P,PC4P,P7QA
576,3KHZ,3KHZ,ZQAZ
577,4F9K,4F9K,Y4KC
578,9RAM,9RAM,74MM
579,HARF,HARF,NAMA
580,T4TC,TATC,Y7KT
581,2TPN,2TPN,ZPYA
582,QP9R,QP9R,4Y44
583,7NZR,7N2R,AQZP
584,PT75,PT75,APQC
585,K2NQ,K2NQ,CZ4Q
586,MM2A,MM2A,M424
587,K2A9,K2A9,C7HP
588,NPKZ,NPKZ,4PKZ
589,3K5Q,3K5Q,ZCA7
590,3ZT7,3ZT7,ZQ7T
591,YMFT,YMFT,H4MT
592,742H,742H,PZPA
593,2QZH,2QZH,ZQQ4
594,T45R,Y45R,QZMC
595,2M77,2M77,AMPZ
596,K4FN,K4FH,QAHY
597,CMY4,CKP4,F4T4
598,MYQC,NKQC,APQZ
599,M3AR,NQAN,Q4A4
600,HK3Z,HF92,NZ3Z
601,4MKR,4MFR,2MR4
602,7CZN,7CZN,7QFR
603,NNHC,NNHC,MNHK
604,YAT5,YAT5,P4QZ
605,Q35T,Q35T,Q95T
606,ZTYM,ZTYM,QTHM
607,PMM5,PMM5,AMMZ
608,M7ZP,M72P,MZAP
609,MNZK,MR2K,MNMK
610,NCTM,MCTM,4CTM
611,KMH2,KMH2,4MFZ
612,HP52,HP52,4YKZ
613,9QK3,9QK3,P4A2
614,HT25,HT25,TCZP
615,R2CT,R2CT,ZPFT
616,PKKK,PHKK,APMC
617,FZAP,FZAP,Q72T
618,HCMN,HCNN,NCM4
619,P7ZP,P7ZP,C7QH
620,NP3H,NP3H,NPQ4
621,3TN3,5TN3,ZPAT
622,Q2A7,QQA7,QZAZ
623,QZA3,QZA3,QZHZ
624,54NT,54NT,5MMC
625,C3RM,C3RM,CFMM
626,APYP,APYP,FPKP
627,AKRA,AKRA,442A
628,NZRN,NZKN,AZQ4
629,5YCY,5FCY,2YQY
630,PFYF,PFYF,HHPC
631,RPYY,RPYY,4PPZ
632,PFMF,PFMF,ANMK
633,5R7T,3N7T,4QTT
634,FR5P,KR5P,4ZFA
635,CZR2,CZR2,Q7M4
636,PTH4,PTH4,CZAK
637,K4MP,K4MP,KAYP
638,F339,F339,P4PC
639,T39F,T39F,3QPT
640,QMF7,QMK7,QMK7
641,PQ45,PQ45,4Q2C
642,NM9C,MM9C,NMKZ
643,P2AZ,PZAZ,P4AA
644,YK9M,YK9M,4KFM
645,KP2Y,KP2Y,C4ZC
646,93N9,93N9,4A9P
647,ZYAM,ZFMM,AH44
648,72K5,72R5,Z7MF
649,TRCK,TRCK,MAMC
650,C3P4,C3P4,CPYA
651,AKTP,AKTP,AZF4
652,NFNK,NPMK,4P4K
653,2NAQ,2KAQ,24A2
654,QY3A,QY3A,QYMR
655,TK23,YK23,PQAA
656,N7RY,N7RY,KZRY
657,7KCP,7RCP,AZ2C
658,Y9NM,Y9NM,TMR4
659,9AMR,3AMR,PAM4
660,P9PA,P9PA,PQ7C
661,A3R9,A3R9,A7NZ
662,Q7KZ,Q7KZ,47KZ
663,A92Y,A92Y,4QFT
664,33PZ,33PZ,4P4C
665,NQAP,NQAP,NQAP
666,TFC9,TFC9,P43H
667,HNPH,HMPH,4MPH
668,5FYF,3PYF,74FT
669,3C5T,3C9T,4QQC
670,TRHT,TRYT,H4ZT
671,PYRN,PYRN,CR44
672,FHZQ,FHZQ,PAF4
673,PFF5,PFF5,APCZ
674,429F,429F,R7PC
675,TFK7,YFK7,QA7T
676,N9HK,N9HK,KAHR
677,MPNN,MPNN,4PHM
678,F9H5,F9H5,HPMZ
679,QZ7T,QZ7T,Q7ZC
680,9TAA,3TAA,ZPAA
681,M97K,M97K,44FR
682,MKHA,MKHA,MMQ4
683,HQTF,HQTF,HQKA
684,YF97,YF97,N47T
685,CKYR,CKYR,ZT4Z
686,HTKZ,HTKZ,Z7YZ
687,A4MZ,AAMZ,ZAMZ
688,72NN,72NN,ZAMQ
689,9ZN7,9ZN7,ZPMA
690,YTRY,TTRY,P9PT
691,9MR9,9MR9,MAKY
692,ZANQ,ZAMQ,ZMMZ
693,ZPM9,ZPM9,P4M4
694,CKYK,CKYR,QYPZ
695,M5QY,M5QY,MQP4
696,KC95,KC95,CCZZ
697,AC2N,AC2N,QCZM
698,MM9Y,MM9Y,4MMH
699,P9QF,PMQF,4FMZ
700,5AM4,5AM4,2AM2
701,NHC3,NHC3,NHC4
702,ZT3K,ZT9Z,ZCKC
703,N3RP,N3RP,N33P
704,QR9Z,QR9Z,QMKZ
705,A4QY,A4QY,4A2Y
706,P9P3,P9P3,A4QZ
707,T7FA,T7FA,H47H
708,M7MY,M7MY,MPAH
709,3RQ5,3RQ5,3RZF
710,2PPT,2PPT,HF4T
711,3NPQ,3NPQ,24AQ
712,CAYP,CAYP,QKPA
713,P24M,K2HN,AP24
714,HCN9,HCN9,4CHM
715,9YFR,9YFR,PPQC
716,CA9Q,CAKQ,C4KQ
717,HQ7Z,HQ72,ACQZ
718,ZKAM,ZKMM,ZQA4
719,MQ72,MQ72,NK7Z
720,MZZ7,MZZ7,AZQ4
721,QZ2A,QZ2A,QZ2A
722,QR3Y,QK3Y,QNPC
723,A5QN,A5QN,A92M
724,A3NM,A5NM,49FM
725,RN7Y,R37Y,MFPY
726,P7KZ,P7KZ,P4CZ
727,H34P,H34P,Q4M4
728,HQTH,HQTN,NC7H
729,Q7MK,Q7MK,QPRM
730,CKQC,CKQC,CF4C
731,723M,7Z3N,CK4R
732,459M,459M,ZR44
733,492A,492A,3P4C
734,QNCC,QNCC,44HC
735,259C,Z39C,CNA7
736,5HRC,5HRC,P4MC
737,9HHH,9HHH,RPHF
738,KQHK,KQHK,QZHZ
739,9TAN,2TAN,ZF4R
740,FYKK,FYKK,P9MC
741,4QRM,4QRM,MZH4
742,Z3ZQ,Z3ZQ,ZQQZ
743,9K5Y,9K5Y,ANPA
744,YQC7,YQC7,7QCZ
745,TA73,TA73,5FCZ
746,C43F,C45F,P7MT
747,244Q,244Q,4PY7
748,CTAP,CTAP,Q7FA
749,N9KA,N9KA,4ZKA
750,KHC3,RHC3,N4C9
751,RYA3,RYA3,M4AZ
752,927F,927F,QZAT
753,5TN4,5TN4,CPN4
754,NPH9,NPH9,MPHP
755,32R3,32R3,ZRQT
756,9KHA,9KHA,R4M4
757,THTP,7HTP,PYFA
758,4R4P,4R4P,R4M4
759,HM9R,NM9M,MMMA
760,P3QT,P3QT,A72C
761,QHZN,QHZR,4M24
762,NT7C,NT7C,YTAZ
763,722Z,722Z,CZAC
764,CCHC,CCHC,N7HC
765,3NCC,3NCC,7PPC
766,HP3R,HP3R,4P2A
767,K4ZZ,KQ2Z,C4ZA
768,Y2HZ,Y2HZ,C7AC
769,4KYA,4KYA,4CPA
770,TAQ3,TAQ3,CA4Y
771,2H92,K392,N4PC
772,QYF9,QYPQ,QFFP
773,H57H,H57H,N9T4
774,H9FY,H9PY,4MPA
775,59YT,39YT,CQFZ
776,4PH7,4PH7,4PQA
777,4QC3,4QC3,44CP
778,44FT,44FT,AQ7T
779,HH73,HH73,4HZQ
780,F772,PT7A,A72C
781,7ACM,7NCM,QA4M
782,T77F,T77F,P7PT
783,HMCC,HMCC,MMKC
784,H7HF,P7HF,4PHA
785,3N7Y,3N7Y,MQPC
786,ZHM5,ZHM5,ZMMH
787,T7NN,Y7NN,R4MM
788,3CCA,3CCA,A774
789,5MZQ,34ZQ,7N2C
790,2C59,2C59,ZCQZ
791,K35M,K35M,CAP4
792,TTQ5,TTQ5,ZH4A
793,HZT5,HZT5,57CP
794,PACH,PACH,HA73
795,3NQ3,3NQ3,4MQ7
796,KFHM,KFHM,Q4MM
797,Y2RY,Y2RY,QZAC
798,QN5P,QN5P,QY5Z
799,R4Y5,R4Y5,5AA7
800,MYYA,MYYA,MP74
801,5K3M,3K9M,2C42
802,QNHM,QNHM,2NPM
803,AT7N,AT7N,ACAP
804,5YAN,5YAN,ZF4M
805,4AF9,4MF9,ZP5A
806,4H27,4N27,QQ7Z
807,MNN4,MMN4,NMM4
808,5QNA,5QNA,44MK
809,ZQ94,ZQ94,Q774
810,5MNT,3MNT,N4K7
811,734R,734R,PFMC
812,C4ZH,C4ZH,Q4Q4
813,ANPF,AMPF,M4FT
814,AZ7A,AZ7A,C7FA
815,NQ34,NQ34,4Z24
816,QNKC,QNKC,4MMZ
817,ZKA9,ZKA9,ZFQZ
818,4K5F,4K5F,RAA5
819,FRKA,FKKA,5QQC
820,R5QN,R5QN,4QQ4
821,7FHR,7FHR,MPYC
822,73ZT,732T,ZQZT
823,M9Q9,M9Q9,4QQZ
824,392R,392R,ZP4C
825,ACCZ,ACCZ,AQCZ
826,3NHQ,2NHQ,2M7A
827,N295,M295,KZFT
828,PFN9,PYN9,T4FA
829,TZN4,YZN4,CQMK
830,FKQM,NCQM,AF4M
831,22FP,22FP,Z7FC
832,RQ7C,RQ7C,4QAC
833,C2RQ,C2RQ,4PA7
834,ZP9N,ZP9R,QAMP
835,3N4Y,3R4Y,QMAT
836,YAYZ,TAYZ,44KZ
837,ATQ4,ATQ4,4ZQ4
838,9N3F,9N3F,P49T
839,THP3,THP3,F4AT
840,4HRM,4KRM,4NRM
841,77RY,77RY,CPMC
842,F3NQ,P3NQ,AZP4
843,CFY7,CFY7,QT2C
844,KPQY,KPQY,QPQY
845,FM7M,FK7M,2A7M
846,KZAT,KZAT,Q4FC
847,T2FZ,T2FZ,ZZ7C
848,Q9KC,Q9KC,Q4KC
849,Q3M7,Q3M7,Q3A7
850,Z725,2723,QCKT
851,73YP,79YF,CQAA
852,TZAK,TZAK,Q74Z
853,YPZ2,YPZ2,CTZZ
854,Q74T,Q74T,QPZT
855,9Y44,9Y44,P7FH
856,3TCH,3TCH,Z74Y
857,MPMQ,NPMQ,MMMP
858,RRC4,RRC4,4R5Z
859,AF92,AF92,4PAZ
860,ACRR,ACRR,A9R4
861,9MPQ,9MPQ,4MPC
862,AFFH,AFPH,CHYY
863,Q9FY,Q9FY,4MFA
864,HYM7,HYN7,4PF4
865,TN5A,TN5A,MKPA
866,YHFP,YFFP,Q444
867,AZ35,AZ35,AZ2Z
868,37FT,37FT,4P4T
869,9QH7,9QH7,KZ9Z
870,Q5QZ,Q5QZ,QQQZ
871,7A5R,7A5R,PARK
872,T2Y7,T2Y7,QTZC
873,9CNY,9CNY,A74A
874,2Q4T,2Q4T,Z4KC
875,AH2Y,AH2Y,4NAR
876,YKNA,YKNA,QMMA
877,HF7T,HT7T,4YFT
878,47A9,47A9,ZPQP
879,HTRP,HTRP,NZF4
880,HM9Z,HM9Z,HNPZ
881,ZT74,2T74,CTAC
882,H95R,H95R,HKQZ
883,ZR9F,ZR5F,ZAKT
884,RCHY,NCNR,MQHK
885,FP5A,FP5A,4P7C
886,2FYY,2FYY,ZTFA
887,F72A,F7ZA,P744
888,43PZ,43PZ,ZRQZ
889,595K,595K,AQAC
890,Y2Q3,Y2Q3,5ZZQ
891,Y279,Y279,CP4Z
892,74NK,74NK,P4MC
893,MT4Y,MT4Y,4YAY
894,597N,397N,ZQPZ
895,747T,747T,7QTT
896,TNPZ,THP2,C4PC
897,T4A4,T4A4,Q7FA
898,ZF4C,ZF4C,A72C
899,MZAH,MZAH,M7AP
900,7H4Q,7H4Q,ZNK2
901,73N9,73N9,ZAFZ
902,P7YM,P7HM,FPMM
903,4R4T,4R4T,QQFT
904,AQPZ,AQPZ,A7P4
905,2HH4,ZHH4,Z4M4
906,4CH5,4CH5,AC44
907,7NTQ,7NTQ,PMP2
908,YP3C,YP3C,5P4C
909,5QAP,5QAP,TAZP
910,N3HM,N5HM,AMHM
911,HNMC,HNMC,HPMK
912,KPMC,KPMC,N4MC
913,HP2C,AP2C,4C2C
914,FP4Y,FP4Y,4PHC
915,AA7Z,AA7Z,C4Z4
916,3KPF,3KPF,Z9PC
917,N73M,N73M,M74M
918,K35K,K39K,494C
919,9RT9,9RT9,ZTZF
920,745K,745R,PQFC
921,C2RZ,C2NZ,C7ZZ
922,MT52,RT52,4YQZ
923,ZHFR,ZHFR,K474
924,KMCY,K4CY,4MC7
925,3F43,3F43,YPQC
926,FCKM,FCKM,QQ4M
927,4PAC,4PAC,4CAC
928,27K9,27K9,Q7PZ
929,NHKR,NHKR,NRMM
930,P5PF,P5PF,C74T
931,3HK9,3HK9,N4CP
932,HAYF,HAYF,NAYP
933,YNA2,YNA2,44AZ
934,QZHR,QZHR,47A4
935,2RRN,2RRN,Z4M4
936,AFAR,AFAR,A7AP
937,AQYP,AQYP,4QFP
938,HQQM,NQQM,ACP4
939,4Y2K,4Y2K,ZTZK
940,5QQH,3QQH,Z2M5
941,YAFT,YAFT,Z4YT
942,A543,A543,ZPAQ
943,TFHP,YFFP,AYFC
944,CKQ9,CKQ3,QN2Z
945,94M4,94M4,P4M4
946,99HF,99PF,KRPC
947,K5NN,K5NN,44M4
948,NKTM,NK7M,MKA4
949,MYTY,MYTY,MPYT
950,FZP2,FZP2,4QAC
951,CTYQ,CTYQ,CF9P
952,FFNT,FFYT,Q4FC
953,39ZM,39ZM,ZRQ4
954,T52Y,Y52Y,CZPA
955,3TZF,3TZF,PQAT
956,3HQ3,3HQ3,ZPQR
957,Q243,Q243,QZA4
958,ANCY,ANCY,M4FY
959,KQ9P,KQ9P,QZ4C
960,9YFT,9TFT,Z7TT
961,7R5H,7R5H,NF4Y
962,5TP7,5TP7,ZTQZ
963,3HTN,3HTN,2Y4M
964,Z35Z,Z35Z,ZZZC
965,9ZHR,9ZHR,ZQ4Q
966,MC5R,MC5R,MK4K
967,KHHM,KHHM,M4HM
968,2F4K,2PNA,ANPC
969,T2T7,T2T7,CTQT
970,P9AF,P9AF,P7PC
971,3Q95,3Q95,P7AT
972,FHYM,HYYM,4YAM
973,922C,922C,C7ZQ
974,3KT9,3KT9,NFAT
975,ZHCA,ZHCA,ZMCA
976,NKN7,NKN7,N4K4
977,HY2K,HY2R,PY2K
978,595Q,595Q,24FA
979,CMCA,CMCA,4MA4
980,HAMY,HAMY,QAA4
981,7HKT,7HKT,7PAA
982,4N43,4N43,44KF
983,574N,574N,T4QY
984,3QPC,3QPC,PQPC
985,R7QC,R7QC,4P2C
986,7MM5,7MM5,4NPZ
987,F3P3,P3P3,C44C
988,37PA,37PA,ZTAC
989,AKP9,4KP9,4MP4
990,M2ZM,M2ZM,2R24
991,MK4R,MK9K,MZ2K
992,4Y3Z,4Y3Z,CTZC
993,FNZM,FNZM,P4QM
994,CA57,CA57,Q42C
995,2NYQ,2NYQ,7YTQ
996,Y239,Y239,44AA
997,5CHN,3CHN,23P4
998,P295,P295,P72Z
999,94CF,94CF,MA7C
word score,1.0,0.702,0.004
char score,1.0,0.9045,0.19175
